system;station;latitude;longitude;elevation
bicincitta_parma;01. Duc;44.8071175353;10.3329339623;51.0760650635
bicincitta_parma;02. Ospedale Maggiore;44.8022631827;10.3062754869;56.344078064
bicincitta_parma;03. Traversetolo;44.7815951621;10.344491601;58.3244857788
bicincitta_parma;04. Campus Chimica;44.7664330209;10.3145474195;76.5872116089
bicincitta_parma;05. Stazione FF.SS.;44.8098876303;10.3276929259;57.1790885925
bicincitta_parma;06. Ponte di Mezzo;44.8022431997;10.3242704272;57.4991035461
bicincitta_parma;07. Santa Croce;44.8040644788;10.3144428134;54.2588500977
bicincitta_parma;08. Bixio;44.7963496761;10.31787662;59.6710281372
bicincitta_parma;09. Farini;44.7953873175;10.3276435211;61.1320152283
bicincitta_parma;10. Barilla Center;44.798415651;10.3406875318;53.9774780273
bicincitta_parma;11. Dus;44.8059748205;10.3360793784;51.6556777954
bicincitta_parma;12. Barezzi;44.8028759913;10.326885581;56.2927818298
bicincitta_parma;13. Borgo XX Marzo;44.8027672263;10.330503881;55.7915267944
bicincitta_parma;14. Garibaldi;44.8012373798;10.3289240599;57.2805671692
bicincitta_parma;15. Repubblica;44.8000868983;10.334815532;52.5749931335
bicincitta_parma;16. Toschi;44.8059840091;10.3254759226;57.7847518921
bicincitta_parma;17. Rondani;44.7982579425;10.3221020872;59.7809524536
bicincitta_parma;18. Crocetta;44.8074245359;10.2971982369;54.5263442993
bicincitta_parma;19. Boito;44.7998082382;10.3251192556;59.7949485779
bicincitta_parma;20. Efsa;44.8092949047;10.3221005694;54.0372543335
bicincitta_parma;21. Kennedy;44.8047287309;10.3179769614;54.3233642578
bicincitta_parma;22. Cittadella;44.7939587458;10.3309525074;57.7602500916
bicincitta_parma;23. Vittoria;44.8005756184;10.3139304992;57.3738059998
bicincitta_parma;24. Campus;44.7664663574;10.3196462942;74.3656158447
